name,img,author,rating_num,price,work,trans1,trans2,introduction,counts,publicplace,publicdate
红楼梦,https://img1.doubanio.com/mpic/s1070959.jpg,[清] 曹雪芹 著、高鹗 续 ,9.5, 59.70元,,,,《红楼梦》是一部百科全书式的长篇小说。以宝黛爱情悲剧为主线，以四大家族的荣辱兴衰为背景，描绘出18世纪中国封建社会的方方面面，以及封建专制下新兴资本主义民主...,115399, 人民文学出版社 , 1996-12 
山海经全译,https://img1.doubanio.com/mpic/s29087849.jpg,袁珂 译注 ,9.1, 49.80元,,,,读懂《山海经》的权威实用版本 ★ 神话学大师袁珂先生在《山海经校注》的基础上，精炼了过于繁琐的学术性注释，增加了全文的白话翻译，将博大深奥的《山海经》变得浅...,459, 北京联合出版公司·后浪出版公司 , 2016-10 
浮生六记,https://img3.doubanio.com/mpic/s3140075.jpg,（清）沈复 ,8.9, 5.70元,,,,这是一部自传体文学的作品，原书六卷，已逸其二，现仅存四卷（有所谓“足本”者，后二记系伪作。书中记叙了作者夫妇间平凡的家居生活，坎坷际遇，和各地浪游闻见。文辞...,13954, 人民文学出版社 , 1999-1 
人间词话,https://img1.doubanio.com/mpic/s9130587.jpg,王国维 ,9.0, 9.80元,,,,《人间词话》一书乃是王氏接受了西洋美学思想之洗礼后，以崭新的眼光对中国旧文学所作的评论，具有划时代的意义，向来极受学术界重视。本书并约请当今著名专家黄霖为之...,14621, 上海古籍出版社 , 1998-12-01 
诗经,https://img3.doubanio.com/mpic/s1979223.jpg,孔丘 编订 ,9.4, 19.90元,,,,这本《诗经》收录全部305篇，每篇诗歌都配有相应的解释及译文，使读者更容易理解。,10394, 北京出版社 , 2006-7 
三国演义（全二册）,https://img3.doubanio.com/mpic/s1076932.jpg,[明] 罗贯中 ,9.2, 39.50元,,,,《三国演义》又名《三国志演义》、《三国志通俗演义》，是我国小说史上最著名最杰出的长篇章回体历史小说。 《三国演义》的作者是元末明初人罗贯中，由毛纶，毛宗岗父...,53271, 人民文学出版社 , 1998-05 
金瓶梅:张竹坡批评第一奇书,https://img1.doubanio.com/mpic/s10069398.jpg,兰陵笑笑生 ,8.5, 268.00元,,,,本书由王汝梅与李昭恂、于凤树校点。,3742, 齐鲁出版社 , 1991 
陶庵梦忆西湖梦寻,https://img3.doubanio.com/mpic/s4039793.jpg,[明] 张岱 ,9.2, 25.00元,, 夏咸淳、程维荣 校注 ,,《陶庵梦忆》展示了明末色彩斑斓的市民阶层的生活情态，书中所载多琐屑之事，涉及城市胜概、山川景物、风俗人情、文学艺术等各个方面。,2326, 上海古籍出版社 , 
世说新语,https://img3.doubanio.com/mpic/s9858594.jpg,<南朝宋>刘义庆 著 ,9.0, 9,, 里望 译注 ,,,2695, 山西古籍出版社 , 
古文观止,https://img3.doubanio.com/mpic/s1325863.jpg,吴楚材、吴调侯 ,9.0, 21.00,,,,《古文观止》是清康熙年间吴乘权、吴大职编选的一部古文读本，凡十二卷，收录自先秦至明末的散文二百二十二篇，每篇都有注释和评论。据《左传》襄公二十九年记载，吴公...,9870, 中华书局 , 1987-1-1 
声律启蒙:声律启蒙撮要附：声律发蒙、笠翁对韵、时古对类,https://img5.doubanio.com/mpic/s6627716.jpg,车万育 ,9.3, 6.20,,,,「云对雨，雪对风，晚照对晴空。来鸿对去燕，宿鸟对鸣虫。」简简单单的几句话，念起来不仅声调和谐，节奏响亮；…………童蒙念熟了这些句子，初步熟悉了音韵格律，很自...,403, 岳麓书社 , 2002年6月第2版 
大好河山可骑驴:中国之美在宋朝,https://img3.doubanio.com/mpic/s28714122.jpg,王这么 ,7.9, 39.50元,,,,☆一本有趣，有知识，有真性情，有诗词，有爱恨情痴，有快意恩仇的硬货书 ☆少见的将宋词解读，文人生活、历史事件相结合的具有故事的文化随笔 ☆装帧精美，大量体现...,1021, 长江文艺出版社 , 2016-6-1 
在唐诗里孤独漫步套装,https://img3.doubanio.com/mpic/s29039584.jpg,夏昆 ,9.2, 79.00,,,,1.《在唐诗里孤独漫步》套装，共2册，分别是《在唐诗里孤独漫步》、《温和地走进宋词的凉夜》。 2.《在唐诗里孤独漫步》套装，装帧美观大方，内容充盈雅趣，学习...,83, 鹭江出版社 , 2016-9 
闲情偶寄,https://img1.doubanio.com/mpic/s6040237.jpg,(清)李渔 ,8.5, 29.00元, , 江巨荣,卢寿荣,《闲情偶寄》共分词曲、演习、声容、居室、器玩、饮馔、种植、颐养等八部，论及戏曲理论，妆饰打扮、园林建筑、器玩古董、饮食烹调、竹木花卉、养生医疗等诸多方面的问...,2589, 上海古籍出版社 , 2000-05 
东京梦华录,https://img1.doubanio.com/mpic/s4550508.jpg,孟元老 ,9.0, 20.00元,,,,《东京梦华录》多记崇宁以后所见，时方以逸豫临下，故若彩山灯火，水殿争标，宝津男女诸戏，走马角射，及天宁节女队归骑，年少争迎，虽事隔前载，犹令人想见其盛。至如...,805, 中州古籍出版社 , 2010-6-1 
既见君子:过去时代的诗与人,https://img3.doubanio.com/mpic/s27102932.jpg,张定浩（waits） ,8.4, 29.80,,,,读过去的诗，也是在说当下的事。诗中虽处处有鸟兽草木，但它们从来都是人世的投影。鸢飞鱼跃，是人的境界；黍稷方华，是人的情感。兴观群怨，事父事君，都是和人息息相...,1584, 华东师范大学出版社 , 2014-1 
牡丹亭,https://img3.doubanio.com/mpic/s1075414.jpg,汤显祖 ,9.0, 14.50,,,,《牡丹亭》是明代大曲家汤显祖的代表作，这时作家的思想 和艺术都已经成熟。明代话本小说《杜丽娘慕色还魂》为《牡丹亭》提供了基本情节。《牡丹亭》在《惊梦》《寻梦...,5712, 人民文学出版社 , 1963-4-1 
子不语,https://img1.doubanio.com/mpic/s1055667.jpg,(清)袁枚 ,8.4, 10.50,,,,,849, 陕西人民出版社 , 1998-05 
风诗的情韵:李山讲《诗经》,https://img1.doubanio.com/mpic/s28280157.jpg,李山 ,8.9, 38.00元,,,,《风诗的情韵》是国学名师李山教授潜心研究20年心血之作。书中以《诗经》中160篇国风作品为底本，广泛涉及婚姻、家庭、恋爱、农耕、狩猎、战争、劳役等题材，内容...,66, 东方出版社 , 2014-4-1 
山海经:图文珍藏本,https://img3.doubanio.com/mpic/s1756040.jpg,佚名 ,8.7, 26.00元,, 李润英、陈焕良 ,,《山海经》所具有的集大成之特色，决定了这部书的多样性、复杂性、兼容性、实用性。因此，当今也有许多论者称之为中国古代的一部百科全书。它像一座知识的矿藏，储藏着...,1976, 岳麓书社 , 
唐诗三百首,https://img1.doubanio.com/mpic/s1008848.jpg,蘅塘退士、陈婉俊 ,9.3, 0.65,,,,《唐诗三百首》的旧注本亦有许多种，其中以陈婉俊的补注本简明精当，流行最广。她的注解除简介作者生平外，比较注重语词名物的诠释，博引旁征，字梳句栉，对今天的读者...,8777, 中华书局 , 1984-07-01 
中国古典诗词感发,https://img3.doubanio.com/mpic/s10328354.jpg,顾随 ,9.2, 39.00元,,,,20世纪国学大师顾随学术研究与学术普及的巅峰之作。本书由国学大家叶嘉莹珍藏60多年，第一次全部公之于世。本书作者站在较高的人生境界，把中西文化熔于一炉，把文...,646, 北京大学出版社 , 2012-6-1 
老残游记,https://img3.doubanio.com/mpic/s1095423.jpg,[清] 刘鹗 ,8.0, 13.50元,, 陈翔鹤 校、戴鸿森 注 ,,《老残游记》二十回，一九○三年发表于《绣像小说》半月刊，至十三回因故中止，后续载于《天津日日新闻》，原署鸿都百炼生著。作者的真名叫刘鹗，字铁云，清末江苏丹徒...,4005, 人民文学出版社 , 
菜根谭,https://img3.doubanio.com/mpic/s10045875.jpg,洪应明 ,8.6, 11.00元,,,,《国文珍品文库:菜根谭》中充满了思辨，充满了经邦治国的谋略，充满了富于通变的处世哲学，充满了诗情画意。在《国文珍品文库:菜根谭》中，儒释道融为一体，心学与禅...,4790, 吉林文史出版社 , 1999-3-1 
唐宋词十七讲,https://img1.doubanio.com/mpic/s2190377.jpg,叶嘉莹 ,9.1, CNY 62.00,,,,唐宋词十七讲，ISBN：9787301114919，作者：叶嘉莹,1718, 北京大学出版社 , 2015-5-1 
西游记（全二册）,https://img3.doubanio.com/mpic/s1627374.jpg,吴承恩 ,8.7, 47.20元,, 黄肃秋 注释 ,,《西游记》主要描写的是孙悟空保唐僧西天取经，历经九九八十一难的故事。唐僧取经是历史上一件真实的事。大约距今一千三百多年前，即唐太宗贞观元年（627），年仅2...,20690, 人民文学出版社 , 
古詩源,https://img1.doubanio.com/mpic/s6847949.jpg,[清] 沈德潛 ,9.3, 34.00元,,,,《古诗源》是清人沈德潜所编的一部唐以前的历代诗歌选集。这部书选辑了先秦至隋各个时代的诗歌，共七百馀首，分十四卷。这是一部带资料性的选本，收录作品较为广泛，唐...,1456, 中华书局 , 2006-4 
杜甫诗歌讲演录,https://img3.doubanio.com/mpic/s5815861.jpg,莫砺锋 ,9.1, 32.00元,,,,杜诗是一座宝山，只要你深入其间，一定不会空手而归。然而杜诗又是一座重岩叠嶂、水深林茂的大山，如果没有详细的地图和富有经验的向导，你很难找准入山的门径，还容易...,272, 广西师范大学出版社 , 2007-1-1 
唐诗鉴赏辞典,https://img5.doubanio.com/mpic/s1015106.jpg,萧涤非、等 ,9.2, 52.10元,,,,《唐诗鉴赏辞典》旨在介绍唐诗之精华。它搜集了一百九十多位诗人的一千余篇作品，出自大家、名家之手，流传万口的名篇，固然都在网罗之列；同时，也选采了许多不见录于...,3491, 上海辞书出版社 , 1999-11 
叶嘉莹说汉魏六朝诗,https://img3.doubanio.com/mpic/s1989413.jpg,叶嘉莹 ,9.2, 49.00元,,,,本书是诗词鉴赏大家叶嘉莹先生对汉魏六朝时期代表性诗人及其作品的鉴赏评点，叶先生从具体的个体诗人入手，通过对其代表作品的讲解评析，阐述了历史时代、社会现状和诗...,794, 中华书局 , 2007-1 
宋词背后的秘密,https://img5.doubanio.com/mpic/s29039406.jpg,林玉玫 ,8.9, 36.00元,,,,全方位讲述宋词各方面知识 轻松又有趣的古典诗词读本 ……………… ※编辑推荐※ 《宋词背后的秘密》的特别之处在于： 1.将宋代的词人、词作同今天的文青、流行...,123, 后浪出版公司·北京联合出版公司 , 2016-9 
詩經注析（全二冊）,https://img3.doubanio.com/mpic/s16220535.jpg,程俊英、蒋见元 ,9.2, 68.0,,,,《诗经》作为我国文学史上第一部诗歌总集，是可以传之永久的，但自从被捧上儒家经典的宝座之后，诗旨遭经师的歪曲，每首诗都被套上“思无邪”的灵光圈，打上“温柔敦厚...,1059, 中华书局 , 1999-1-1 
楚辞,https://img5.doubanio.com/mpic/s9846666.jpg,屈原 ,9.0, 7.00元,, 陈书彬 ,,,2385, 山西古籍出版社 , 
文心雕龙注(上下),https://img3.doubanio.com/mpic/s2294360.jpg,刘勰、范文澜  注 ,9.3, 45.00元,,,,《文心雕龙注(上下)》作者刘勰，中国古典文学，经过周泰两汉长时期的发展，创作上积累了丰富的经验，理论上也有过许多探索。到了魏晋六朝，创作上又有新的飞跃，理论...,894, 人民文学出版社 , 2006-1-1 
夜航船,https://img3.doubanio.com/mpic/s2636351.jpg,张岱[明] ,8.6, 36.00,,,,《夜航船》不是高深莫测的古书，而是用浅白的文言讲说的四千多个文化段子，绝大多数是作为一个正常人，或者往雅处说，作为一个有文化的人，必须知道的社科知识。极少量...,811, 四川文艺出版社 , 2005 
脂砚斋重评石头记庚辰校本,https://img3.doubanio.com/mpic/s1645361.jpg,曹雪芹 著 脂砚斋 评、郑遂夫 校订 ,9.6, 99.00,, 邓遂夫 校订 ,,满纸荒唐言，一把辛酸泪！都云作者痴，谁解其中味？ 一部妇孺皆知的《红楼梦》可谓凝聚了曹雪芹一生的心血。小说以贾宝玉、林黛玉的爱情悲剧为主线，驾构出了贾、王、...,1643, 作家出版社 , 
庄子:中华经典藏书,https://img3.doubanio.com/mpic/s5765615.jpg,孙通海 译注 ,9.3, 20.00元,, 方勇 译注 ,,“中华经典藏书书系”，内容经典，形式精美，全面体现“经典藏书”理念。 《庄子》为其中之一。 《庄子》是继《老子》之后体现道家学说的一部极其重要的作品。现今通...,4795, 中华书局 , 
阅微草堂笔记:中国古代神怪小说四大名著,https://img3.doubanio.com/mpic/s2121681.jpg,纪昀 ,8.1, 12.00元,,,,《阅微草堂笔记》是清代著名学者纪昀晚年所作的笔记小说集，全书主要记述狐鬼神怪故事，意在劝善惩恶，虽然不乏因果报应的说教，但是通过种种描写，折射出封建社会末世...,1980, 上海古籍出版社 , 2005-01-08 
宋词鉴赏辞典,https://img3.doubanio.com/mpic/s1367641.jpg,夏承焘、等 ,9.4, 78.00元,,,,作为文学样式之一的词，其鼎盛之时在两宋时期，人们多习惯于将唐诗宋词并举对立，宋词与唐诗、元曲成为我国诗歌史上的三大奇葩。因此，有相当多的读者希望辞书社能单独...,1552, 上海辞书出版社 , 2003-8-1 
蒋勋说唐诗,https://img1.doubanio.com/mpic/s7039789.jpg,蒋勋 ,8.2, 38.00元,,,,《蒋勋说唐诗》中，蒋勋用十个章节来讲述他心中的最精彩的一百首唐诗，他心中最好的唐朝诗人，从魏晋到晚唐，从文学到美学，从张若虚到李商隐，充满诗意，充满禅机，娓...,2127, 中信出版社 , 2012-1-16 
聊斋志异,https://img3.doubanio.com/mpic/s1172323.jpg,蒲松龄 ,8.7, 18.00元,,,,《聊斋志异》是我国清初的一部文言短篇小说集，共收小说近500篇，或讲民间的民俗民习、奇谈异闻、或讲世间万物的奇异变幻、题材极为广泛。其独特的故事情节、异彩纷...,5599, 岳麓书社 , 2002-1 
宋诗选注,https://img3.doubanio.com/mpic/s1304992.jpg,钱钟书 ,8.7, 45.00元,,,,钱钟书在《宋诗选注》中对晏殊、王安石、柳永、欧阳修、秦观、苏轼、黄庭坚、杨万里、陆游、文天祥等八十位诗人的近三百首宋诗作了注释。 人民文学出版社1958年初...,2132, 生活·读书·新知三联书店 , 2002-5 
小窗幽记,https://img3.doubanio.com/mpic/s5641654.jpg,陈继儒 ,8.7, 17.00元,,,,《小窗幽记》，十二卷，是明人陈继儒撰。陈继儒（1558-1639），字仲醇，号眉公，又号麋公，松江华亭人。诸生，隐居昆山之阳，后筑室东佘山，杜门著述。工诗能...,1222, 华夏出版社 , 2006-1 
西厢记,https://img3.doubanio.com/mpic/s1011204.jpg,王实甫 ,8.5, 15.90,, 张燕瑾 校注 ,,《西厢记》的剧情直接取材于金代董解元的《西厢记诸宫调》。王实甫的《西厢记》以《西厢记诸宫调》为基础，在一些关键的地方作了修改，从而弥补了原作的缺陷。这主要表...,5131, 人民文学出版社 , 
落尽梨花月又西,https://img1.doubanio.com/mpic/s28328739.jpg,纳兰性德、亦歌 ,9.0, 35.00,,,,这是一部关于纳兰诗词分析鉴赏的作品。纳兰性德的一切都让后人为之着迷，但可惜史料记载有限，为了探寻纳兰生命中的痕迹，人们只能从他的词中入手。于是，当后人翻开那...,21, 北京联合出版公司 , 2015-11 
千秋一寸心:周汝昌讲唐诗宋词,https://img3.doubanio.com/mpic/s10319912.jpg,周汝昌 ,8.8, 28.00元,,,,本书编选唐宋诗词欣赏讲解文章六十篇。书中所选诗词包括秦观、陆游、岳飞、柳永、李清照、贾岛、杜牧、李商隐、杜甫、王安石、苏轼等人的名篇。,1330, 中华书局 , 2006-11-01 
镜花缘,https://img3.doubanio.com/mpic/s1729794.jpg,李汝珍 ,7.8, 9.80元,,,,《镜花缘》内容简介：武则天夺取唐朝的政权，改国号为周。一日游上苑，武则天下诏迫使园中百花在残冬大雪中开放。上天见百花不经请示，适时开花，乃将百位花神滴降凡尘...,3704, 北京十月文艺出版社 , 2004-1 
顾随诗词讲记,https://img3.doubanio.com/mpic/s1659584.jpg,顾随 叶嘉莹 ,9.1, 24.80元,,,,叶嘉莹教授是蜚声海内外的学者，顾随先生作为她的授业恩师，对其人生学问的影响自不待说，而听顾随讲课的八本笔记一直被叶氏视为一生治学之圭臬，此次，《顾随诗词讲记...,821, 中国人民大学出版社 , 2006-4 
中国古典文心:顾随讲坛实录,https://img3.doubanio.com/mpic/s27457480.jpg,顾随讲述、叶嘉莹记录 ,8.6, 45.00,,,,本书是国学大师顾随在北京大学等校讲授中国古典散文的课堂实录，由其学生叶嘉莹记录。以古典散文名篇为讲解对象，融会古今，贯通中西，由文到人，天马行空，文采飞扬，...,173, 北京大学出版社 , 2014-3 
桃花扇,https://img5.doubanio.com/mpic/s2300716.jpg,孔尚任 ,8.6, 15.50,, 王季思、苏寰中、杨德平合注 ,,编辑推荐：本书由明代著名作家孔子尚任所作，讲述了明朝未年南京所发生的事，以李湘居与侯方域的爱情悲欢离合为线索，展开了戏剧冲突推动了剧情的变化发展，借此抒发作...,3374, 人民文学出版社 , 
水浒传（全二册）,https://img3.doubanio.com/mpic/s1147854.jpg,[明] 施耐庵、罗贯中 ,8.5, 50.60元,,,,《水浒传》是我国第一部以农民起义为题材的长篇章回小说，是我国文学史上一座巍然屹立的丰碑，也是世界文学宝库中一颗光彩夺目的明珠。数百年来，它一直深受我国人民的...,21923, 人民文学出版社 , 1997-1 
人生若只如初见:古典诗词的美丽与哀愁,https://img1.doubanio.com/mpic/s1787057.jpg,安意如 ,7.3, 23.80元,,,,这是一部不甘于淹没在浩瀚书海中的作品。她似在谈诗词，又似在谈风月。她不拘泥于对古典诗词字面的理解，也非传统意义上的简单赏析，而是一种风格独特、感情丰富的散文...,41738, 天津教育出版社 , 2006-8 
人间词话七讲,https://img3.doubanio.com/mpic/s27280402.jpg,叶嘉莹 ,9.0, 39.00（含光盘）,,,,《人间词话》是著名国学大师王国维所著的一部文学批评著作，也是晚清以来最有影响的著作之一。它的文词优美，但因为它的解说方式是中国传统的感悟式的意象批评，所以一...,587, 北京大学出版社 , 2014-5 
叶嘉莹说杜甫诗:迦陵说诗,https://img3.doubanio.com/mpic/s2870070.jpg,叶嘉莹 ,9.1, 32.00元,,,,杜甫在唐朝诗歌的历史演进中，是一位集大成的诗人，他的一千五百首诗中，有相当一部分反映的是他现实的生活，所以也被称为“诗史”。作者结合杜甫的生平，融入自己对诗...,615, 中华书局 , 2008-1 
世說新語箋疏（全三冊）,https://img3.doubanio.com/mpic/s6490053.jpg,余嘉锡 ,9.6, 120.00元,, 周祖谟（整理）、余淑宜 （整理）、周士琦 （整理） ,,该书重在考案史实，对于《世说》原作及刘孝标注所说的人物事迹，博采晋宋以下史传杂著和近代的笔记论著，考核其异同，兼补刘注之不备，评论事乖情理处，对《晋书》亦多...,643, 中华书局 , 
陶渊明集,https://img3.doubanio.com/mpic/s4282642.jpg,逯钦立 校注 ,9.3, 19.00元,,,,本书是已故著名汉魏文学研究学者对陶渊明集进行整理、校注的学术成果。长期以来，一直是阅读陶渊明的绝佳注本，是所有中文系学生必读的参考书之一。,1180, 中华书局 , 1979-5 
二十年目睹之怪现状,https://img5.doubanio.com/mpic/s1489746.jpg,吴趼人 ,8.2, 2.25元,,,,,1630, 人民文学出版社 , 1959 
雪隐鹭鸶:《金瓶梅》的声色与虚无,https://img3.doubanio.com/mpic/s27372240.jpg,格非 ,8.4, 45.00元,,,,被列为禁书、奇书、才子之书的古典名著《金瓶梅》，究竟有多少可能的读法？为什么说它启发甚至胜过了《红楼梦》？书中一百回故事，如何暗藏着“雪隐鹭鸶”般深险幽微的...,1083, 译林出版社 , 2014-8 
东周列国志（上下）,https://img1.doubanio.com/mpic/s2290197.jpg,冯梦龙、蔡元放 ,8.5, 47.00元,,,,第 一 回     周宣王闻谣轻杀 杜大夫化厉鸣冤     词曰：     道德三皇丑帝，功名夏后商周；英雄五霸闹春秋，顷刻    兴亡过手！青史几行名姓，...,3803, 人民文学出版社 , 1979 
儒林外史,https://img5.doubanio.com/mpic/s1909396.jpg,吴敬梓 ,8.1, 20.00,,,,吴敬梓的《儒林外史》是中国小说史上少有的几部出类拔萃的巨制之一，是唯一一部真正意义上的讽刺小说。     吴敬梓在创作此书时，以对待功名富贵和文行出处的态度...,3233, 人民文学出版社 , 2002-1-1 
增广贤文,https://img3.doubanio.com/mpic/s10111630.jpg,郭俊峰、张菲洲 ,8.6, 7.00元,,,,《增广贤文》以有韵的谚语和文献佳句选编而成，其内容十分广泛，从礼仪道德、典章制度到风物典故、天文地理，几乎无所不含，但中心是讲人生哲学、处世之道。其中一些谚...,841, 吉林文史出版社 , 1999-3-1 
幽梦影,https://img3.doubanio.com/mpic/s1147494.jpg,张 潮、孙硕夫 ,8.8, 8.00元,, 郭俊峰、张菲洲 ,,《幽梦影》是一部“才子之书，亦大思想家之书也”（章衣萍语）；《幽梦影》是“那样的旧，又是那样的新”（周作人语）。这样概括《幽梦影》，虽有失偏颇，但不乏一语中...,1486, 吉林文史出版社 , 
诗经,https://img3.doubanio.com/mpic/s1646744.jpg,清如许 ,9.3, 10.00,, 清如许、王洁 ,,本书各部分内容均由题目、题解、原诗、注释、诗意、插图等六部分组成；书后还附有《诗经》的名言警句、主要版本和重要研究著述。  本书前言 本书收入了我国最早的诗...,2293, 山西古籍出版社 , 
人间词话,https://img1.doubanio.com/mpic/s28298019.jpg,,8.4, 29.80元,,,,《人间词话》是王国维的代表作，是中国近代最负盛名的一部词话著作。他用传统的词话形式及传统的概念、术语和思维逻辑，较为自然地融进了一些新的观念和方法，其总结的...,81,王国维 , 2015-6-1 
唐诗三百首新注,https://img3.doubanio.com/mpic/s6538812.jpg,金性尧 ,9.0, 1.25,,,,,165, 上海古籍出版社 , 1980.9 
海上花列传,https://img3.doubanio.com/mpic/s2075451.jpg,韩邦庆、典耀 整理 ,8.4, 23.7,,,,本书是我国清末一部以妓院为主要描写对象的小说。它以赵朴斋、赵二宝兄妹二人从农村来到上海，为生活所迫，终至堕落的故事为主线，以上海妓院为中心，旁及官、商各界，...,511, 人民文学出版社 , 2006年12月1日 
宋词三百首,https://img3.doubanio.com/mpic/s1131431.jpg,武玉成，顾丛龙 注 ,9.3, 18.00元,,,,《宋词三百首》中收集词，词之于宋，便如诗之于唐，正处在“阴阴夏木啭黄鹂”的全盛时期。一部《全宋词》，收有1364名词人用千馀种调式写成的近二万首词作。宋词选...,2270, 人民文学出版社 , 2004-08 
蘇軾文集（全六冊）,https://img3.doubanio.com/mpic/s7652793.jpg,苏轼 ,9.6, 220.00元,, 孔凡礼 注解 ,,《中国古典文学基本丛书:苏轼文集(繁体竖排版)(套装共6册)》主要内容包括邀滪堆赋、屈原庙赋、昆阳城赋、后杞菊赋、服胡麻赋、赤壁赋、后赤壁赋、黠鼠赋、秋阳赋...,245, 中华书局 , 
飲水詞箋校,https://img3.doubanio.com/mpic/s6474704.jpg,（清）纳兰性德、赵秀亭（笺校）、冯统一（笺校） ,9.2, 53.00元,,,,《饮水词》是清初词人纳兰性德的词集。纳兰性德，原名成德，後避太子允扔嫌名（保成）改性德，字容若，号楞伽山人。满洲正黄旗人，大学士明珠长子，生长在北京。性德自...,1946, 中华书局 , 2005-7-1 
叶嘉莹说初盛唐诗:迦陵说诗,https://img3.doubanio.com/mpic/s2870061.jpg,叶嘉莹 ,9.0, 38.00元,,,,这本书是在台湾《古典文学》杂志上连载的叶嘉莹讲唐诗的系列讲座。作者结合人物的生平和当时的历史来讲，分析深刻，入木三分，会让读者在领略诗歌的优雅与隽美的同时，...,582, 中华书局 , 2008-1 
苏辛词说:苏辛词说,https://img3.doubanio.com/mpic/s29127301.jpg,顾随 陈均 ,9.2, CNY 38.00,, 陈均 校 ,,,58, 北京出版社 , 
古诗十九首集释,https://img1.doubanio.com/mpic/s3480279.jpg,隋树森 ,9.4, 0.65,,,,,417, 中华书局 , 1955年3月 
小词大雅:叶嘉莹说词的修养与境界,https://img1.doubanio.com/mpic/s28049709.jpg,(加) 叶嘉莹 ,8.2, 42.00,,,,词，是一种传统的文学体裁。因为它篇幅短小，且常常描绘文人眼中难逃浮浪浅薄的美女和爱情，历来被称为“艳科”“小词”。小词如何从爱情的品格升华到人生的境界，如何...,297, 北京大学出版社 , 2015-5 
太平广记（全十册）,https://img1.doubanio.com/mpic/s1763959.jpg,（宋）李昉  等编 ,9.0, 398.00元,,,,,490, 中华书局 , 2013-3 
吴小如讲杜诗,https://img3.doubanio.com/mpic/s27077792.jpg,吴小如 ,9.3, 36.00元,,,,本书为名家讲堂丛书之一.是作者吴小如在29年杜诗专讲课上的讲稿录音整理而成.分为23年杜诗讲稿、“读杜一得”散论文章及整理后记.本书是吴小如先生研究杜诗数十...,128, 天津古籍出版社 , 2012-9 
诗经译注,https://img3.doubanio.com/mpic/s4098450.jpg,程俊英 ,8.6, 38.00元,,,,《诗经译注》是《诗经》的全译本。每首诗下有题解，阐明背景、诗旨。注释博采众长，简明精当。译文在信、达的基础上力求其雅，以全体民歌译古代民歌，每句对译，便于读...,361, 上海古籍出版社 , 2004-07 
金圣叹批评本水浒传,https://img1.doubanio.com/mpic/s1843639.jpg,施耐庵 ,9.2, 68.00元,,,,古典名著在中国文学史上地位的确立，首先当然是这些名著本身所具有的独特魅力所致，但是也与这些小说刊刻之后，一大批眼光独到的小说批评家们极力批点评说有极大的关系...,799, 岳麓书社出版社 , 2006-6-1 
论语,https://img5.doubanio.com/mpic/s5804746.jpg,,9.0, 9.80元,,,,《论语》是一部语录体思想散文集。早在春秋后期孔子设坛讲学时期，其主体内容就已初始创成；孔子去世以后，他的辫子和再传弟子代代传授他的言论，并逐渐将这些口头记诵...,7089,中华书局 , 2006-12 
给孩子的古诗词,https://img1.doubanio.com/mpic/s28293378.jpg,叶嘉莹 编 ,8.2, 38.00,,,,《给孩子的古诗词》是当今中国古典诗词讲坛影响最大、绝无仅有的叶嘉莹先生的心血之作。 中国古典诗词中蓄积了古代伟大之诗人和词人的所有心灵、智慧、品格、襟抱和修...,189, 中信出版社 , 2015-9-20 
唐诗百话,https://img1.doubanio.com/mpic/s1269397.jpg,施蛰存 ,9.3, 39.80元,,,,《唐诗百话》面世以来，深受海内外学术界高度评价和广大读者热烈赞誉，美国耶鲁大学等名校也将这本书作为汉学研究课程的教材。施蛰存将数十年来对中国古典诗学的潜心探...,172, 华东师范大学出版社 , 1996-5 
无计花间住,https://img3.doubanio.com/mpic/s7024874.jpg,扬之水 ,8.5, 45.00元,,,,扬之水先生对文物研究一往情深,十六年来专意于名物考证，用考古学的成果来研究文学作品，从诗词中，找到原始的面貌，恢复古人生活中的细节，恢复真实的历史。,486, 上海人民出版社 , 2011-12 
迦陵说词讲稿,https://img1.doubanio.com/mpic/s2547537.jpg,叶嘉莹 ,8.8, 35.00元,,,,本书《迦陵说词讲稿》是迦陵讲演集七册之一。书中内容是作者多年来辗转各地讲学随时被人邀讲的一些录音整理稿。这是在这一系列讲录中内容最为驳杂的一册书。,423, 北京大学出版社 , 2007-3 
诗经绘,https://img3.doubanio.com/mpic/s29218532.jpg,林帝浣 ,8.3, 39.80元,,,,★诗歌、国画、书法、随笔一起演绎《诗经》的诗意和情感。难懂的《诗经》与你不再隔膜，提供了一个欣赏《诗经》之美的全新视角。 ★这里有作者十几年来行走古镇小城记...,24, 当代中国出版社 , 2016-12-1 
梦溪笔谈,https://img1.doubanio.com/mpic/s27269887.jpg,（宋）沈括 ,8.5, 22.00,,,,《梦溪笔谈》是中国笔记研究中被研究最多最深的本子之一，一直成为中国科学史研究的重点。然本书内容涉及甚广，人事、官政、权智，下至闾巷之言，亦是研究北宋时期典制...,510, 上海书店出版社 , 2003-03 
道德经,https://img3.doubanio.com/mpic/s1045431.jpg,老子 ,9.4, 4.50,,,,,9909, 陕西人民出版社 , 1999-10 
苏轼词集,https://img3.doubanio.com/mpic/s3952444.jpg,[宋]苏轼、刘石 导读 ,9.3, 18.00元,,,,苏轼是宋代伟大的现实主义文学家，他以卓越的天才、广博的学识、开朗的胸襟，写出了大量辉煌的诗、文、词，表达了自己一生的真实经历和和丰富的思想情感。苏轼词内容广...,429, 上海古籍出版社 , 2009-08 
東坡志林,https://img3.doubanio.com/mpic/s1213080.jpg,[宋] 苏轼 撰 ,8.8, 12.00元,, 王松龄 点校 ,,《东坡志林》可以说是苏轼的“滑稽文学”。作者不但记载了许多的朝野大事，也融铸了许多荒诞不经的传说。涉笔成趣。在很大程度上开启了明代小品文的风格。,659, 中华书局 , 
文選（全六冊）,https://img3.doubanio.com/mpic/s1486960.jpg,萧统 ,9.4, 198.00,,,,收录了从周、秦至齐、梁约七、八百年间的一百三十几个知名作家和少数佚名作者的文章。并将这些文章分为三十八类。,445, 上海古籍出版社 , 1986-6-1 
中国文学的抒情传统:陈世骧古典文学论集,https://img3.doubanio.com/mpic/s27942564.jpg,陈世骧 著、张晖 编 ,9.1, 45.00,,,,中国的文学传统从整体而言是一个抒情传统，有别于西方的史诗和戏剧传统。陈世骧率先提出的“抒情传统”论，成为中国文学最重要的研究范式之一。本书是陈世骧相关论著的...,74, 生活·读书·新知三联书店 , 2014-9 
蒋勋说文学:从《诗经》到陶渊明,https://img3.doubanio.com/mpic/s27180965.jpg,蒋勋 ,8.4, 39.80元,,,,内容简介： 先秦、汉魏、两晋时期的文学，是中国文学逐渐成熟的阶段，是一幅幅陶冶性灵、崇尚自然，充满激情的生活画卷，它们的美满溢着情窦初开、浪漫忧思、风骨铮铮...,804, 中信出版社 , 2014-1 
诗里特别有禅,https://img3.doubanio.com/mpic/s26653983.jpg,骆玉明 ,8.5, 36.00,,,,很多人觉得禅深奥玄虚，说不明白，其实她就在诗词中等待发现。 “采菊东篱下，悠然见南山”“行到水穷处，坐看云起时” 在这些耳熟能详看似普通的景物和情怀描写中，...,715, 浙江文艺出版社 , 2013-5-27 
板桥杂记,https://img1.doubanio.com/mpic/s6035357.jpg,（清）余怀 ,8.5, 12.00元,, 李金堂 注解 ,,秦淮河畔，长板桥边，歌女名妓情思万种，志士才子风度翩翩。随着朝代的更迭，一切归于破灭，志士隐迹沉沦，歌女流落星散。本书真实记述了明末清初南京歌女名妓的群体形...,478, 上海古籍出版社 , 
纳兰容若词传,https://img1.doubanio.com/mpic/s4345099.jpg,夏如意、毛晓雯、苏缨 ,8.0, 28.00元,,,,《纳兰容若词传》：    纳兰容若，清初第一词人。生于温柔富贵，却满篇哀感顽艳；身处花柳繁华，心却游离于喧闹之外；真正的八旗子弟，却喜结交落拓之人；行走于仕...,4030, 江苏文艺出版社 , 2009-9 
初刻拍案惊奇,https://img1.doubanio.com/mpic/s2076247.jpg,[明] 凌濛初 ,7.7, 14.80元,,,,《初刻拍案惊奇》是明朝末年凌濛初编著的拟话本小说集。成书于明朝天启七年，与《二刻拍案惊奇》合称“二拍”。书的内容很复杂，思想倾向也不尽相同，主要有描写商人思...,1085, 时代文艺出版社 , 2002-2 
樂府詩集（全四冊）,https://img3.doubanio.com/mpic/s9106934.jpg,[宋] 郭茂倩 编 ,9.3, 128.00元,,,,《乐府诗集》汇集了从传说的陶唐氏到唐五代的乐府诗，按照曲调排列，分成100卷。书后附有人名、篇名索引。,473, 中华书局 , 1979-11 
诗经别裁,https://img1.doubanio.com/mpic/s2510228.jpg,扬之水 ,8.7, 18.00元,,,,本书内容体例如作者"前言"谓,兼有选与评之意:"别于公共标准之外,别存一个自己的标准";"所裁者,古人之<诗>评而尔."全书选了 <诗经>四十七篇而述,每一...,692, 中华书局 , 2007-04 
学诗浅说,https://img3.doubanio.com/mpic/s27800092.jpg,瞿蜕园、周紫宜 ,8.6, 49.00元,,,,这是一本极好的关于中国古典诗词学习和欣赏的入门读物，两位作者之名今人已多不知了，但一位是堙没已久的文史大家，一位则是近代最富诗才的女画家。这样珠联璧合的大家...,180, 当代中国出版社 , 2016-6 
王维集校注（全四册）,https://img5.doubanio.com/mpic/s9103516.jpg,[唐] 王维 撰、陈铁民 校注 ,9.5, 67.00元,,,,《王维集校注(全4册)》主要内容包括：过秦皇墓、题友人云母障子、九月九日忆山东兄弟、洛阳女儿行、哭祖六自虚、李陵永、桃源行、赋得清如玉壶冰、臭夫人、从岐琵琶...,258, 中华书局 , 1997-8 
古谣谚,https://img1.doubanio.com/mpic/s27902037.jpg,(清)杜文澜|校注:周绍良 ,9.7, 126.00元,,,,,51, 中华书局出版社 , 1958-1-1 
楚辞,https://img1.doubanio.com/mpic/s4442188.jpg,屈原 等 ,9.3, 23.00元,, 林家骊 注释 ,,《楚辞》内容简介：当我们穿越时空来到战国时代的时候，我们无法不为这个时代绚丽辉煌的文化所惊叹、所倾倒。那正是被德国哲学家雅斯贝尔斯称为“轴心时代”的人类文明...,394, 中华书局 , 
给孩子的古诗词·讲诵版,https://img3.doubanio.com/mpic/s29064143.jpg,叶嘉莹 ,9.4, 68.00,,,,《给孩子的古诗词•讲诵版》是“给孩子系列”第三部《给孩子的古诗词》的进阶版。古典诗词大家、九十三岁的叶嘉莹先生，为了让更多的读者能领会到古诗词中所蕴含的感动...,42, 中信出版社 , 2016-9 
唐诗三百首:唐诗三百首（中华经典藏书）,https://img1.doubanio.com/mpic/s3902758.jpg,顾青 编注 ,9.4, 19.00元,,,,清朝无锡人孙洙（别号蘅塘退士）和夫人徐兰英编选的《唐诗三百首》是数以千计的唐诗选集中流传最广、影响最大的一个选本，至今仍是最受读者欢迎的学习唐诗的基础读物。...,711, 中华书局 , 2009-07 
洛阳伽蓝记校笺,https://img5.doubanio.com/mpic/s24395806.jpg,（北魏）杨衒之　,9.0, 20.00元,,杨勇 校笺 ,,杨衒之所著《洛阳伽蓝记》是北魏时期流传至今的一部重要典籍，内容虽以记载洛阳的佛寺为主，且以此为书题，但实际上包括了当时的政治、人物、风俗、地理以及传闻故事等...,480, 中华书局 , 
稼轩词编年笺注(增订本),https://img3.doubanio.com/mpic/s21323374.jpg,(宋)辛弃疾 ,9.4, 45.00元,, 邓广铭 注解 ,,《稼轩词编年箋注(定本)》作者精益求精，经过十数年的酝酿准备，对全书的笺注与编年作了大幅度的修改，调整，补充了大量颇具价值的文学资料与研究心得，体现了最新的...,338, 上海古籍出版社 , 
烽火与流星:萧梁王朝的文学与文化,https://img3.doubanio.com/mpic/s4335792.jpg,田晓菲 ,8.7, 48.00元,,,,本书不仅探讨梁朝的文学作品，更旨在检视梁朝文学生产的文化语境，就此提出一系列具有内在关联的文化史和文学史问题，重新评估和挑战对这一时代文化史以及文学史的现行...,351, 中华书局 , 2010-01 
围炉夜话:中华经典随笔,https://img3.doubanio.com/mpic/s3268394.jpg,王永彬 ,8.2, 21.00元,,,,《围炉夜话》(插图本)(中华经典随笔)是清人王永彬所撰写的一部劝世之作，它与明人洪应明的《菜根谭》、陈继儒的《小窗幽记》一起被后世并称为“处世三大奇书”。自...,687, 中华书局 , 2008-9-23 
长生殿,https://img5.doubanio.com/mpic/s1934806.jpg,洪昇 ,8.4, 13.50,, 徐朔方 校注 ,,《长生殿》是洪升戏曲创作的代表作，取白居易《长恨歌》中的“七月七日长生殿”诗句作为剧本题目。剧本写唐明皇宠爱贵妃杨玉环，终日与杨贵妃游宴玩乐，不理朝政，朝中...,1736, 人民文学出版社 , 
纳兰性德词选,https://img3.doubanio.com/mpic/s1181951.jpg,[清] 纳兰性德 著、张草纫 注评 ,8.9, 11.00元,,,,精选纳兰性德传世佳作一百余首，约占其全部词作的三分之一。除简要注释之外，以现代眼光观照古代词作，解析词意，评点作法，传达词人心曲，阐释“绝妙”之旨，适合现代...,1054, 上海古籍出版社 , 2002-6 
诗词格律,https://img3.doubanio.com/mpic/s1695371.jpg,王力 ,8.7, 18.00元,,,,《诗词格律:诗词常识名家谈四种》所讲的诗词格律，大部分是前人研究的成果，也有一些地方是著者自己的意见。由于它是一部基本知识的书，所以书中不详细说明哪些部分是...,862, 中华书局 , 2000-4 
唐诗三百首,https://img3.doubanio.com/mpic/s1111893.jpg,（清）蘅塘退士 編、陳婉俊 補注 ,9.5, 16.00元,,,,《唐诗三百首》为蘅塘退士定本，风行海内，几至家置一编，惜笺注太疏，读者病之。上元陈伯英女史，手辑补注八卷，字梳句栉，考核精严，能令读者不假祭獭而坐获食，津逮...,859, 中华书局 , 2004-1 
情关西游:从《西游记》到《西游补》,https://img1.doubanio.com/mpic/s28741207.jpg,张怡微 ,8.4, 38.00,,,,人生在世，各有所取之经，各有一条西天之路。张怡微写孙悟空好名的性格与未名的命运，超越的渴望与术能的局限，写他的虚无与情难，递迁与狼藉，眼泪与心魔。《西游记》...,129, 上海古籍出版社 , 2016-5 
叶嘉莹说陶渊明饮酒及拟古诗:迦陵说诗,https://img3.doubanio.com/mpic/s10102450.jpg,叶嘉莹 ,8.7, 36.00元,,,,本书是叶嘉莹讲解陶渊明的《饮酒》诗和《拟古》诗的讲课记录。叶嘉莹对陶诗的解读深入诗之骨髓，对帮助理解陶诗非常有价值。,452, 中华书局 , 2007-03 
无声无光集,https://img1.doubanio.com/mpic/s25966407.jpg,张晖 ,8.3, 29.00元,,,,《六合丛书:无声无光集》系“六合丛书”第一辑的最后一本，是作者张晖近年撰写的中国文史随笔，在其自序中这样介绍：“在嘈杂的市声与闪烁的霓虹中，面对无声无光的石...,495, 浙江大学出版社 , 2013-2 
三言二拍,https://img1.doubanio.com/mpic/s1987077.jpg,冯梦龙 ,8.1, 19.90元,,,,《三言二拍》是我国古代流传颇广的短篇小说集。“三言”是指明代冯梦龙所编纂的《喻世明言》、《警世通言》和《醒世恒言》，是我国文学史上第一部规模宏大的白话短篇小...,1289, 北京出版社 , 2006-7 
中国文学欣赏举隅,https://img3.doubanio.com/mpic/s1006375.jpg,傅庚生 ,9.1, 14.00元,,,,本书是“大家小书”系列丛书的一种，既严谨又厚重，没有半点的华而不实。撰写本书的人是名副其实的真正“大家”；是多年从事学术研究的一流学者傅庚生老先生。本书是综...,273, 北京出版社 , 2003-03 
文论十笺,https://img3.doubanio.com/mpic/s3102764.jpg,程千帆 ,9.3, 30.00元,,,,《文论十笺》是著名文史学家程千帆先生的代表作之一。《文论十笺》从中国古代文论中精选了十篇有代表性的文章，分上下两辑，合为一册，详加笺释，文后附以精辟的按语。...,26, 武汉大学出版社 , 2008-3-1 
西游补,https://img1.doubanio.com/mpic/s2734687.jpg,董说 ,8.5, 0.41,,,,《西游补》十六回，明末董说（字若雨）著。它补入《西游记》的“三调芭蕉扇”之后，而又自成创作的结构，其思想性和艺术性，毫不比《西游记》原书逊色，是一部想象瑰丽...,348, 上海古籍出版社 , 1983 
顾随讲《诗经》,https://img5.doubanio.com/mpic/s27267086.jpg,顾随 讲稿 ,8.9, 24.80元,, 叶嘉莹 刘在昭 笔记、顾之京 高线虹整理 ,,继《顾随讲古代文论》《顾随讲<文心雕龙>》《顾随讲<论语><中庸>》之后《顾随讲<诗经>》面市了。《顾随讲<诗经>》系根据顾先生两弟子叶嘉莹女士与刘在昭女士...,24, 河北教育出版社 , 
战国策,https://img3.doubanio.com/mpic/s9791812.jpg,宋韬 ,9.0, 10.0,,,,《战国策》简称《国策》。相传原系战国时期各国史官或策士辑录，有《国策》、《国事》《事语》、《短长》、《长书》等不同名称。 这部书主要记载当时谋臣、策士游说各...,1287, 山西古籍 , 2003-1-1 
李商隱詩歌集解（全五冊）,https://img1.doubanio.com/mpic/s8841538.jpg,刘学锴、余恕诚 ,9.4, 148.0,,,,此书是李商隐诗作的会校、会注、会评本。书后附录李商隐的传记资料、年表、生平考辨以及各本的序跋凡例、书目著录等。,254, 中华书局 , 1998-01 
金圣叹全集（全六册),https://img3.doubanio.com/mpic/s3885312.jpg,（清）金圣叹 著、陆林 辑校整理 ,8.9, 380.00元,, 陆林 注解 ,,金圣叹（1608—1661），名采，字若采；又名人瑞，号圣叹；别号唱经子，或称唱经先生，又号大易学人、涅槃学人；室名沉吟楼，堂号唱经堂。苏州府长洲县（今江苏...,44, 凤凰出版社 , 
盛唐诗,https://img3.doubanio.com/mpic/s1319500.jpg,（美）宇文所安 ,8.4, 22.00,, 贾晋华 ,,如果我们撇开盛唐神话，就会发现李白和杜甫并不是这一时代的典型代表。后代读者往往满足于李白和杜甫的这一形象，他们不仅被视为诗歌的顶点，而且被视为诗歌个性的两种...,481, 三联书店 , 
诗经,https://img5.doubanio.com/mpic/s27268696.jpg,王秀梅 ,8.9, 19.00元,,,,诗经》在中国乃至世界文化史上都占有重要地位。它描写现实、反映现实的写作手法，开创了诗歌创作的现实主义优良传统，历代诗人的诗歌创作不同程序地受到《诗经》的影响...,1294, 中华书局 , 2006-9-1 
古诗十九首与乐府诗选评,https://img5.doubanio.com/mpic/s9011146.jpg,曹旭撰 ,8.7, 12.50元,,,,《古诗十九首》及汉魏六朝的乐府诗（包括一些民歌民谣）风格质朴，刚健清新，音韵悠扬，手法多变，历来被视为中国古典诗歌的源头之一。不了解这些，就无法知道唐诗辉煌...,335, 上海古籍出版社 , 2002-12 
杜詩詳注（全五冊）,https://img3.doubanio.com/mpic/s6086292.jpg,[唐]杜甫著、[清]仇兆鳌注 ,9.3, 236.00元,, 仇兆鳌 注解 ,,《中国古典文学基本丛书:杜诗详注(套装共5册)》内容有同李太守登历下古城员外新亭、登历下古城员外孙新亭李邕诗、暂如临邑至蜡山湖亭奉怀李员外、赠李白、与李十二...,328, 中华书局 , 
楚辭補注,https://img3.doubanio.com/mpic/s4521505.jpg,[宋] 洪興祖 ,9.2, 17.00元,, 白化文 等點校 ,,《楚辞补注》是宋人洪兴祖为东汉王逸的《楚辞章句》作的补注，是现存《楚辞》注本中最古的也是最重要的一部。补注不仅对旧注多所驳正，而且广征博引，保存了汉及六朝隋...,443, 中華書局 , 
北宋名家词选讲:迦陵讲演集,https://img1.doubanio.com/mpic/s2188547.jpg,叶嘉莹 ,9.0, 35.00元,,,,《北宋名家词选讲》提供作译者介绍叶嘉莹，号迦陵。1924年出生于北京，20世纪40年代毕业于辅仁大学国文系。50年代任台湾大学教授，并在淡江与辅仁两大学任兼...,525, 北京大学出版社 , 2007-1 
云溪友议校笺,https://img3.doubanio.com/mpic/s29331461.jpg,（唐）范摅  撰、唐雯  校笺 ,0, 29,,,,,10, 中华书局 , 2017-1 
古典诗的现代性,https://img1.doubanio.com/mpic/s4517578.jpg,江弱水 ,8.4, 28.50元,,,,“用一把欧美名牌钥匙，怎能开得中国描金箱子上的白铜锁？”然而，作者却“想拿西方诗学的试纸，来检测一下中国古典诗的化学成分”。本书以现代诗学的观点对中国古典诗...,175, 生活·读书·新知三联书店 , 2010-10 
纳兰词集,https://img1.doubanio.com/mpic/s3952439.jpg,[清]纳兰性德、张草纫 导读 ,8.7, 18.00元,,,,清代词坛中兴，名家辈出，其中以纳兰性德最引人注目，国学大师王国维赞其“北宋以来，一人而已”。纳兰词以纯真深厚的情感、精致细腻的描写、浅白流畅的语句、哀婉凄艳...,1068, 上海古籍出版社 , 2009-08 
随园诗话（上，下）,https://img1.doubanio.com/mpic/s1729179.jpg,[清] 袁枚 ,8.4, 49.00元,, 顾学颉 校点 ,,批本随园诗许，原藏清人某待郎家。近人冒广生据第十六卷跋语，知为满人福建总督伍拉纳之子所作；乃删润刊行。邓之诚复据伍拉纳子舒石舫所着适紊居士集及其行述，疑此批...,566, 人民文学出版社 , 
张岱诗文集（增订本）,https://img3.doubanio.com/mpic/s27963195.jpg,[明]张岱  著、夏咸淳  校点 ,9.1, 68.00元,,,,本书对明末文学家张岱的诗文集加以校点，书末附序跋等相关资料。张岱，山阴人，寓居杭州。出生仕宦世家，少为富贵公子，精于茶艺鉴赏，明亡后不仕，入山著书以终。,33, 上海古籍出版社 , 2014-11 
小山词,https://img5.doubanio.com/mpic/s26294316.jpg,晏几道 ,9.2, 24.00元,,,,,362, 上海古籍出版社 , 2005-6 
杜甫全集校注:（全十二册）,https://img1.doubanio.com/mpic/s27978199.jpg,杜甫 ,9.7, 850元,, 萧涤非 主编、张忠纲 终审统稿、廖仲安、张忠纲、郑庆笃、焦裕银、李华 副主编 ,,,43, 人民文学出版社 , 
唐宋名家词选,https://img3.doubanio.com/mpic/s4062991.jpg,龙榆生 ,9.4, 25.00元,,,,本书选录自唐迄宋94个著名作者的707首词，入选的作家和作品，思想倾向，风格特点和艺术造诣，都具有其代表性，特别是对于词的声律，编选者特别作了标注，可以帮助...,308, 上海古籍出版社 , 2009-11 
花间集,https://img3.doubanio.com/mpic/s28270294.jpg,赵崇祚 ,8.3, 25.0,,,,《花间集》是我国五代后蜀时赵崇祚编的一部词集，它收录了晚唐止代时期温诞筠、皇琢松、韦庄、薛昭蕴、牛峤、张泌、毛文锡、牛希济、欧阳炯、和凝、孙光宪、魏承斑、尹...,610, 上海古籍出版社 , 2005 
笑林广记,https://img3.doubanio.com/mpic/s9764145.jpg,游戏主人 纂辑、粲然居士 参订、傳财 校点 ,7.7, 7.60元,,,,《笑林广记》是一部古代笑话集，它是民间笑话的集大成者，其刻本最早见于宋代，元、明、清三代，该书内容不断充实，并出现了几种不同的刻本。这本书采用的是清乾隆四十...,1088, 光明日报出版社 , 1993-5 
礼与十八世纪的文化转折:《儒林外史》研究,https://img1.doubanio.com/mpic/s24411317.jpg,商伟 ,8.9, 48.00元,, 严蓓雯 ,,《儒林外史》的生命力不仅在于它以敏锐的观察和细腻的反讽手法展示了士林的众生百态，而且在于它触及到了儒家精英社会的一些核心问题及其困境。本书以此为出发点来解读...,91, 生活•读书•新知三联书店 , 
宋词赏析,https://img3.doubanio.com/mpic/s3233781.jpg,沈祖棻 著 ,9.0, 22.00元,,,,沈祖棻，以诗词成就享有盛誉的著名学者，当代词人。其遗作《宋词赏析》是一部以学者的博学、女性的细腻和诗人的才情将宋词的解读水平推向新的高度的典范之作。作者新颖...,217, 中华书局 , 2008-8 
李太白全集（全三册）,https://img1.doubanio.com/mpic/s3535948.jpg,[清] 王琦 注、李长路 点校、趙威 点校 ,9.5, 148.00元,,,,本书是清人王琦江合前代杨齐贤、萧士梣、胡震亨三家注文，并加以补充订正而成的李白诗文集注本。,399, 中华书局 , 1977-9 
寒山诗注:附拾得诗注,https://img1.doubanio.com/mpic/s1950847.jpg,寒山 ,8.9, 112.00,, 项楚 ,,《寒山诗注 附拾得诗注(繁体竖排版)》是项楚先生继《工梵志诗注》之后，关于唐代白话通俗诗歌校注、阐释的又一力作。《寒山诗注 附拾得诗注(繁体竖排版)》以四部...,180, 中华书局 , 
草木缘情:中国古典文学中的植物世界,https://img1.doubanio.com/mpic/s28317259.jpg,潘富俊 ,7.3, 98.00元,,,,植物学解决《红楼梦》作者之历史悬案 左手文学，右手科学，一座沟通文学与自然科学的鹊桥 恋恋文学与植物，传唱千古的隽永关系！ 作为一位热爱中国古典文学的科学家...,169, 商务印书馆 , 2015-3 
全宋词（共5册）,https://img3.doubanio.com/mpic/s3401862.jpg,唐圭璋 编 ,9.4, 460.00元,,,,《全宋词(套装全5册)(繁体竖排版)》讲述了：旧版《全宋词》在一九三一年着手编纂，至一九三七年初稿竣事，商务印书馆曾予排印，一九四○年抗战时期在长沙出版。这...,210, 中华书局 , 1965-05 
追忆:中国古典文学中的往事再现,https://img1.doubanio.com/mpic/s1028008.jpg,[美] 宇文所安 ,8.7, 12.80元,, 郑学勤 ,,作为一个含蕴丰富的思想和艺术行为，追忆不仅是对往事与历史的复现与慨叹，也寄寓着儒家知识分子追求“不朽”的“本体论”的焦虑；更体现了“向后看”这一延续了几千年...,1256, 生活·读书·新知三联书店 , 
古典学术讲要,https://img3.doubanio.com/mpic/s6938791.jpg,张文江 ,9.0, 38.00元,,,,作者在2005－2007年间选取中国古代一些比较优秀的典籍，在研究生班上试讲，参与者有复旦大学的博士、上海社会科学院的硕士，以及各行各业的朋友。“古典学术讲...,301, 上海古籍出版社 , 2010-06 
李白诗选,https://img3.doubanio.com/mpic/s26278705.jpg,葛景春选注 ,9.2, 20.00元,,,,《李白诗选》是中华书局精选历代诗词名家的名作，汇聚最新研究成果，为社会提供一套兼具学术品位和可读性，雅俗共赏的系统诗词选本。此次出版特意邀约了全国二十多家单...,265, 中华书局 , 2005-11 
呻吟语,https://img3.doubanio.com/mpic/s8891972.jpg,吕坤 ,8.6, 17.50元,,,,《呻吟语》是一位饱经人世忧患、富有人生经验的儒哲以儒家的中庸之道为立足点，扬弃释道，冲破宋明理学的牢笼，独辟蹊径探索人生、思考宇宙的思想结晶。 《呻吟语》反...,235, 岳麓书社 , 2002-10 
全唐诗（全二十五册）,https://img3.doubanio.com/mpic/s1120584.jpg,[清] 彭定求 編 ,9.3, 468.00,,,,《全唐诗(套装共25册)》共收录整个唐五代诗四万八千九百多首，作者二千二百余人，是迄今为止古典诗歌总集中篇幅最多、影响最大的一种，它对于研究我国唐代的历史、...,220, 中华书局 , 1960-4 
诗经原始(上下),https://img3.doubanio.com/mpic/s1765922.jpg,方玉润 ,8.8, 64.00元,, 李先耕 注解 ,,本书是方玉润晚年的著作。同治时年（一八六五）日记中曾有鸿蒙室拟着丛书的目录，其中有《诗经通致评解》之目，然而未见此书。向逹先生说：《诗经通致评解》后来成书与...,328, 中华书局 , 
昭明文选（全五册）,https://img5.doubanio.com/mpic/s1274296.jpg,[南朝梁] 萧统 编 ,9.1, 118.00元,, 于平 等注释 ,,,40, 华夏出版社 , 
汉字的魔方:中国古典诗歌语言札记,https://img3.doubanio.com/mpic/s3077955.jpg,葛兆光 ,8.7, 20.00元,,,,本书的独特价值在于，它是古典文学研究界最早采用语言的眼光看待古典诗歌的著作之一。作者深刻地指出，古典诗歌具有独立的语言系统，采用的是独特的言语。这样，作者不...,267, 复旦大学出版社 , 2008—4 
警世通言,https://img1.doubanio.com/mpic/s2551437.jpg,冯梦龙 ,8.1, 14.90,,,,《警世通言》由四十篇白话文短篇小说组成，内容主要涉及以下几个方面：其一，婚姻爱情与女性命运。其二，功名利禄与人世沧桑。其三，奇事冤案与怪异世界。描述的大多是...,2342, 人民文学出版社 , 1994-10 
納蘭詞箋注,https://img1.doubanio.com/mpic/s6494999.jpg,[清] 纳兰性德 ,9.0, 32.00元,, 张草纫 笺注 ,,《纳兰词笺注》为“中国古典文学丛书”之一，繁体竖排，由上海古籍出版社出版、发行。提到纳兰词，人们首先会想到的是他的爱情词。的确，爱情词可以说是纳兰词最具特色...,829, 上海古籍出版社 , 
王國維《人間詞》《人間詞話》手稿,https://img3.doubanio.com/mpic/s2162175.jpg,王国维 ,9.5, 25.00元,,,,《人间词话》就是一部大著述，虽然此书很短；《人间词》则“开词家未有之境”，虽然作品不多。与繁称杂引的专家之作相比，前者是集约用简的通人之书，与取径梦窗的俗子...,154, 浙江古籍出版社 , 2005-8-1 
司马迁之人格与风格,https://img3.doubanio.com/mpic/s2761632.jpg,李长之 ,8.6, 26.80元,,,,《司马迁之人格与风格》中主人公是西汉史学家，文学家。字子长，左冯翊夏阳（今陕西韩城西南）人。生于汉景帝中元五年（前145），一说生于汉武帝建元六年（前135...,114, 天津人民出版社 , 2007-4 
世说新语精读,https://img3.doubanio.com/mpic/s9166031.jpg,骆玉明 ,9.1, 25.00元,,,,《世说新语》作为生动体现魏晋思想文化特征的经典著述，历来深受读书人的珍爱。本书作者多年执教《世说》课程，声誉卓著，而本书的写作则不仅凝聚了课堂教学的精华，亦...,417, 复旦大学出版社 , 2007 
沧浪诗话校释,https://img1.doubanio.com/mpic/s13593817.jpg,（宋）严羽 ,8.8, 17.00元,, 郭绍虞 注解 ,,《沧浪诗话校释》主要内容： 严羽沧浪诗话，是一部以禅喻诗，着重于谈诗的形式和艺术性的著作。由于诗的形式和艺术性也是诗学中重要的问题，所以它对于后来的诗论和某...,370, 人民文学 , 
搜神記,https://img3.doubanio.com/mpic/s1987334.jpg,干宝 撰 ,8.5, 0.86,, 汪绍楹 校注 ,,,1224, 中华书局 , 
唐诗杂论,https://img3.doubanio.com/mpic/s26017444.jpg,闻一多 ,9.0, 9.30,,,,《唐诗杂论》是闻一多先生站在一个崭新的高度，以历史的眼光分析研究唐诗的结晶。全书冲破了传统的学术方法、学术研究的狭隘和封闭，从诗人的角度看待、研究诗歌，多所...,458, 上海古籍出版社 , 1998-12 
十二楼,https://img3.doubanio.com/mpic/s1973514.jpg,李渔 ,8.2, 13.2,,,,本书是我国清初著名作家李渔的白话短篇小说集。书中共收十二个故事，每个故事中都有一座楼，楼名即篇名，故总称《十二楼》。所叙故事，多取材于社会现实生活．结构新奇...,425, 人民文学出版社 , 2006-12 
唐人小说,https://img1.doubanio.com/mpic/s2732449.jpg,汪辟疆 校录 ,9.1, 0.95元,,,,,151, 上海古籍出版社 , 1978年1月 
先秦漢魏晉南北朝詩（全三冊）,https://img3.doubanio.com/mpic/s2211615.jpg,逯欽立 輯校 ,9.3, 288.00元,,,,《先秦汉魏晋南北朝诗(套装上中下册)》135卷，除《诗经》、《楚辞》外，凡先秦魏晋南北朝各代的诗歌谣谚概予收录，详注出处及版本异文，每位诗作者前均列小传，是...,191, 中華書局 , 1983-9 
封神演义,https://img3.doubanio.com/mpic/s27052884.jpg,许仲琳 ,7.8, 38.00,,,,《封神演义》，俗称《封神榜》，又名《商周列国全传》、《武王伐纣外史》、《封神传》。全书共一百回。《封神演义》的原型最早可追溯至南宋的《武王伐纣白话文》，可能...,5302, 人民文学出版社 , 1997-05 
陶庵梦忆,https://img3.doubanio.com/mpic/s8859312.jpg,张岱 ,9.4, 56.00元,, 栾保群 注解 ,,《陶庵梦忆》是记述关于明末散文家张岱所亲身经历过的杂事的著作，它详细描述了明代江浙地区的社会生活，如茶楼酒肆、说书演戏、斗鸡养鸟、放灯迎神以及山水风景、工艺...,155, 紫禁城出版社 , 
陶庵梦忆:中华经典随笔,https://img1.doubanio.com/mpic/s5942888.jpg,张岱 ,8.9, 19.00元,,,,《陶庵梦忆》既是一部个人的生活史，也是一部晚明时期的生活画卷。通过作者的经历和见闻，可见晚明时期江南生活特别是衣食住行、社会习俗的各个方面。由于是苦难过后的...,444, 中华书局 , 2008-9-23 
中国古代文学中的同性恋书写研究,https://img5.doubanio.com/mpic/s3388676.jpg,施晔 ,8.1, 46.00元,,,,本书在综述明清同性恋历史及同性恋书写的基础上，将明清同性恋书写置于商品经济发展、启蒙思潮高涨及新旧朝代更替的社会大背景下予以考量，大致勾勒初中国古代文学中同...,208, 上海人民出版社 , 2008-12 
金瓶梅:平凡人的宗教剧,https://img1.doubanio.com/mpic/s6523908.jpg,孙述宇 ,8.7, 18.00元,,,,本书是对《金瓶梅》的写作艺术与人物的赏析，涉及对小说的写实与讽刺艺术、西门庆及他的一众妻妾的个性与人物所代表的意涵的解读，以及《金瓶梅》作者在这种日常生活的...,208, 上海古籍出版社 , 2011-3 
唐诗选注,https://img3.doubanio.com/mpic/s3069965.jpg,葛兆光 ,8.9, 26.00元,,,,回想历史，在中国那么长的几千年里面，连环劫般的朝代变更、走马灯似的战争烽火、政治舞台上下的纵横捭阖、连续不断的旱涝饥荒、颠沛流离的生活和不知未来的焦虑让人战...,244, 人民文学出版社 , 2007-11 
唐宋词鉴赏辞典(唐五代北宋),https://img1.doubanio.com/mpic/s1146699.jpg,周汝昌\缪钺\叶嘉莹等 ,9.4, 41.60元,,,,《唐宋词鉴赏辞典(唐五代北宋)》共收唐、五代、两宋及辽、金327位词人的词作1518篇。《唐宋词鉴赏辞典(唐五代北宋)》正文中作家、作品的先后次序排列，一般...,921, 上海辞书出版社 , 1988年4月 
美了千年，却被淡忘:诗经名物图解,https://img3.doubanio.com/mpic/s29028653.jpg,细井徇 ,8.2, 60.00元,,,,本书收录诗经名物一百余种，装帧精美，尽量保留《诗经名物图解》原书形貌，以“书中书”的形式示人，配以名物的习性、状态以及《毛传》《陆疏》《本草纲目》《品物图考...,27, 中国画报出版社 , 2016-8 
再生缘,https://img3.doubanio.com/mpic/s1103642.jpg,[清] 陈端生 著、郭沫若 校订 ,8.8, 60.00元,,,,《再生缘》是清中期奇杰才女陈端生撰写的一部弹词杰作，实际是用七言排律的语言形式，写就的一部长篇叙事诗。 此校订本由郭沫若生前编定，分为卷首和《再生缘》前十七...,265, 北京古籍出版社 , 2002-11 
世说新语（上下）:中华经典名著全本全注全译丛书,https://img5.doubanio.com/mpic/s8937466.jpg,朱碧莲，沈海波 译注 ,9.1, 56.00元,,,,世说新语（上下册），ISBN：9787101079401，作者：朱碧莲，沈海波 译注,157, 中华书局 , 2011-5-1 
幼学琼林,https://img3.doubanio.com/mpic/s1797850.jpg,程允升 ,8.8, 17.00元,,,,《幼学琼林》初为明人登吉编著，本名《幼学须知》，又称《成语考》、《故事寻源》，清人邹圣脉作了增补，改名为《幼学琼林》，也叫《幼学故事琼林》。《幼学琼林》集天...,357, 岳麓书社 , 2006.4 
吕氏春秋:《十大古典哲学名著》丛书,https://img5.doubanio.com/mpic/s2371866.jpg,高诱注、毕沅校正 ,8.6, 20.60,,,,,347, 上海古籍出版社 , 1996-12 
唐前志怪小说辑释,https://img1.doubanio.com/mpic/s6983547.jpg,李剑国 ,9.1, 88.00元,,,,唐前古小说，以志怪为主，其为文章渊薮，艺苑巨彩，唐代志怪小说承其余泽，于是大放异彩，而至历代诗文曲词，更采为典实养料。志怪小说之全书，大部分已散佚，散见于类...,49, 上海古籍出版社 , 2011-10 
晚唐:九世纪中叶的中国诗歌(827-860),https://img1.doubanio.com/mpic/s4644508.jpg,[美] 宇文所安 ,8.4, 42.00,, 贾晋华 ,,在以“学术散文”的方式串联中唐文学文化史的尝试之后，《晚唐》貌似又回到了传统的文学史架构，以对杜牧、李商隐和温庭筠的新颖而精审的解读，来勾勒出于中唐诗余韵中...,307, 生活·读书·新知三联书店 , 
孙子兵法,https://img3.doubanio.com/mpic/s7623795.jpg,王建国 ,9.2, 29.80元,,,,孙子，名武，字长卿，是春秋末期齐国人，我国古代伟大的军事家。孙子的七世祖是陈国公子完，公子完为避难而逃离陈国来到齐国。由于古代称氏不称姓，公子完在齐国定居后...,530, 中原农民 , 2007-7 
叶嘉莹说诗讲稿:迦陵说诗,https://img3.doubanio.com/mpic/s2861423.jpg,叶嘉莹 ,8.9, 32.00元,,,,该书简介：中国古典文学专家叶嘉莹先生幼年即学习古典诗词，后又在加拿大讲学多年，对中国古典诗词及中西方文艺理论涉猎颇深。此书即是叶嘉莹先生融会古今中外文艺理论...,316, 中华书局 , 2008-1 
古文观止译注,https://img3.doubanio.com/mpic/s6485685.jpg,阴法鲁 主编 ,9.2, 58.00元,,,,《古文观止译注(修订本)》吸收了宋代以来各种古文选本的一些优点，选用了大量堪称“观止”的古文。这些文章大部分思想性、艺术性都比较高，千百年来一直脍炙人口，经...,82, 北京大学出版社 , 2011-6-6 
古诗今选,https://img3.doubanio.com/mpic/s6337804.jpg,程千帆、沈祖棻 选注 ,9.2, 48.00元,,,,《古诗今选》则选取多首六朝诗歌中近于律体的作品，并在沈约《别范安成》的案语中指明其对后代律诗的影响：“齐梁时代，声律说渐兴，为律诗的产生提供了条件，先是五言...,81, 凤凰出版社 , 2010-4 
风景旧曾谙,https://img3.doubanio.com/mpic/s4431714.jpg,叶嘉莹 ,8.8, 32.00元,,,,本书为叶嘉莹教授在香港城市大学客座期间的演讲稿结集，作者提纲挈领地阐述了中国古典诗学的脉络，深入浅出地讲授如何读诗词、如何懂诗词，如何联系诗词与人生等主题。...,418, 广西师范大学出版社 , 2008-6 
醒世恒言（上下）,https://img3.doubanio.com/mpic/s9809871.jpg,冯梦龙 ,8.0, 19.10,,,,本书重要内容，则是大胆地暴露、揭发了封建统治头子们的穷奢极欲，荒淫无耻的生活。    本书里有很大一部分是明代的作品。这个时期，中国封建社会内部的商品经济，...,2552, 人民文学出版社 , 1994-10 
唐宋四大家的道论与文学:日晷文库,https://img3.doubanio.com/mpic/s5694002.jpg,朱刚 ,9.6, 15.30元,,,,朱刚的博士学位论文《唐宋四大家的道论与文学》,虽非专论文学,但对四大家道论之内涵和文道关系的细密探讨,却新见迭出,颇见作者融通文史哲学的宽阔学术视野。,21, 东方出版社 , 1997-10 
陶渊明诗笺证稿:王叔岷著作集,https://img3.doubanio.com/mpic/s2895663.jpg,王叔岷 ,9.2, 76.00元,,,,该书简介：王叔珉先生数十年来研究陶渊明诗，对陶诗做了精确谨严的笺证，一字一句，皆颇致意。作者从陶渊明淳厚的诗句中，读到了安于穷困、深于理趣、至贤至真的陶渊明...,56, 中华书局 , 2007 
于丹：重温最美古诗词,https://img3.doubanio.com/mpic/s26657333.jpg,于丹 ,7.2, 38.00元,,,,2012年，和于丹一起，重温最美古诗词，回归自在大人生。 从解读儒家经典《论语》到赏析中国传统文化最源远流长、普及率最高的古诗词，于丹回归古典文学专业，17...,841, 北京联合出版公司 , 2012-5 
老子,https://img3.doubanio.com/mpic/s2182990.jpg,[春秋] 李耳 ,9.4, 5.00元,, 卫广来 ,,今本《老子》共81章，前37章为上篇道经，第38章以下属下篇德经，所以又称《道德经》。全书的思想结构是：道是德的“体”，德是道的“用”。    《老子》一书...,1966, 山西古籍出版社 , 
雙照樓詩詞藁,https://img5.doubanio.com/mpic/s29398876.jpg,汪精衛 ,8.9, 128,,,,汪精衛詩詞集，包括注釋、補遺、題解等。余英時作長序，葉嘉瑩審訂作序。全面介紹汪一生的詩詞藝術成就。 余英時長序不但分析汪的詩詞，也引證大量歷史資料，剖析汪的...,166, 天地圖書有限公司 , 2012-4 
東坡樂府箋,https://img5.doubanio.com/mpic/s3948276.jpg,[宋] 蘇軾 著、[清] 朱孝藏 編年 ,9.5, 40.00元,, 龍榆生 校箋、朱懷春 標點 ,,苏东坡是我国文学史上最著名的词人，历来深受研究者和爱好者的关注。《东坡乐府笺》由清代著名学者朱孝臧编年校注，近代词学大师龙榆生作笺，是当今研读苏词不可或缺的...,160, 上海古籍出版社 , 
文言读本,https://img3.doubanio.com/mpic/s6144301.jpg,朱自清、叶圣陶、吕叔湘 ,9.0, 24.00元,,,,本书是当年开明书店汇集一些名家编印的系列国文教材中的一套，选取的三十二篇文章，从宋朝一直到近代，包括小品、笔记、小说、古风、近体律绝等各种体裁。,92, 生活·读书·新知三联书店 , 2010-1 
琅嬛文集:沈復燦鈔本,https://img3.doubanio.com/mpic/s28391301.jpg,[明]張岱 著、路偉、馬濤 點校 ,8.9, 45.00元,,,,本书是明末清初著名文学家张岱的诗文集，由清代藏书家沈复灿手钞，是一部新发现的张岱著作版本。全书收录各体诗800余首、文50余篇，其中有400余首诗、20余篇...,25, 浙江古籍出版社 , 2016-2 
陶淵明集箋注,https://img1.doubanio.com/mpic/s1516139.jpg,袁行霈 ,9.2, 68.00元,,,,《陶渊明集笺注》是中国古代田园诗鼻祖晋陶渊明全部诗文辞赋作品的笺注本。以毛氏汲古阁藏宋刻《陶渊明集》十卷本为底本，参校宋元诸本及总集、类书，笺注重于史实、本...,178, 中華書局 , 2003-4 
世說新語校箋（全二冊）,https://img1.doubanio.com/mpic/s1055908.jpg,徐震堮 ,9.2, 58.00元,,,,《世说新语》是南朝宋临川王刘义庆所作的一部主要记载汉末、三国、两晋士族阶层遗闻轶事的小说，中国的贵族的风范大量呈现在这部书里。 《世说新语校笺》正文分为三卷...,634, 中华书局 , 1984-2 
灵谿词说,https://img3.doubanio.com/mpic/s1810572.jpg,缪钺、叶嘉莹 ,8.9, 8.5,,,,,60, 上海古籍 , 1985年 
诗经名物新证,https://img1.doubanio.com/mpic/s24411418.jpg,扬之水 ,8.8, 45.00元,,,,《诗经名物新证(修订版)》的作者是扬之水。无论如何，诗只是歌，只是乐，而不是思想史、社会史、风俗史，但这唱彻五百年的歌与乐中，却包含了思想史、社会史、风俗史...,160, 天津教育出版社 , 2007 
左传:中华经典藏书,https://img3.doubanio.com/mpic/s2370570.jpg,刘利 译注 ,8.5, 16.00元,,,,该书简介：“中华经典藏书书系”，内容经典，形式精美，全面体现“经典藏书”理念。 《左传》原名为《左氏春秋》，汉代改称《春秋左氏传》，简称《左传》。全书约十八...,324, 中华书局 , 2007-04 
蒋勋说宋词,https://img3.doubanio.com/mpic/s7660922.jpg,蒋勋 ,8.1, 38.00元,,,,台湾美学大家、文化教父蒋勋以宽广的学养和善于发现美的眼睛，为大家娓娓道来中国文学史上重要的一篇——宋词。为了把这“安静、圆满的果实”讲解透视，全书按照五代、...,2246, 中信出版社 , 2012-2-7 
李渔全集,https://img5.doubanio.com/mpic/s6242476.jpg,李渔 ,9.4, 1580.00元,,,,在清初文坛上，有一位雅俗共赏、妇孺皆知的大名士。他虽然名满天下，但生前死后人们对他的评价却很不相同。有人把他与晚明李卓吾、陈眉公相提并论，称赞他是韵人、贤人...,50, 浙江古籍出版社 , 1991-8 
古文观止演义,https://img3.doubanio.com/mpic/s27225063.jpg,王鼎钧 ,8.6, 38,,,,本书是当代著名华文文学大师、散文大家王鼎钧先生对《古文观止》中二十四篇文章的精彩“化讲”。王鼎钧先生以作家和学者的双重身份，以中国古代文论为根基，以欧美新批...,67, 花山文艺出版社 , 2013-6 
